alt,dst,lat,lon,mdata
214.900000,0.000000,37.183530,-121.980620,E:\Dropbox\website\dev2\climbing\climbs\Soda-Springs-Rd-Los-Gatos.tcx
215.500000,6.282000,37.183560,-121.980560,
215.800000,11.834000,37.183590,-121.980510,
216.000000,25.043000,37.183670,-121.980400,
215.600000,40.444000,37.183770,-121.980280,
215.500000,52.249000,37.183840,-121.980180,
215.600000,56.438000,37.183860,-121.980140,
215.800000,59.322000,37.183870,-121.980110,
216.100000,62.206000,37.183880,-121.980080,
216.100000,64.300000,37.183890,-121.980060,
216.400000,68.488000,37.183910,-121.980020,
216.500000,71.957000,37.183930,-121.979990,
216.600000,72.844000,37.183930,-121.979980,
216.700000,74.938000,37.183940,-121.979960,
216.600000,77.335000,37.183960,-121.979950,
216.600000,80.182000,37.183980,-121.979930,
216.700000,90.130000,37.184060,-121.979880,
216.800000,97.320000,37.184120,-121.979850,
217.000000,103.161000,37.184170,-121.979830,
217.400000,112.456000,37.184250,-121.979800,
217.800000,124.987000,37.184360,-121.979770,
218.100000,134.067000,37.184440,-121.979750,
218.700000,142.059000,37.184510,-121.979730,
220.700000,154.336000,37.184620,-121.979720,
222.100000,164.394000,37.184710,-121.979710,
222.200000,170.235000,37.184760,-121.979690,
222.400000,173.082000,37.184780,-121.979670,
222.300000,183.030000,37.184860,-121.979620,
222.000000,188.217000,37.184900,-121.979590,
221.800000,194.818000,37.184950,-121.979550,
221.200000,203.380000,37.185020,-121.979510,
220.800000,209.549000,37.185070,-121.979480,
220.800000,212.395000,37.185090,-121.979460,
220.600000,215.865000,37.185110,-121.979430,
220.500000,217.959000,37.185120,-121.979410,
220.400000,220.053000,37.185130,-121.979390,
220.500000,224.625000,37.185140,-121.979340,
220.300000,228.343000,37.185150,-121.979300,
220.700000,232.915000,37.185140,-121.979250,
220.500000,236.462000,37.185140,-121.979210,
220.700000,238.556000,37.185130,-121.979190,
221.200000,244.107000,37.185100,-121.979140,
222.000000,251.808000,37.185050,-121.979080,
223.300000,262.764000,37.184960,-121.979030,
224.600000,281.671000,37.184810,-121.978930,
225.400000,286.464000,37.184770,-121.978910,
225.500000,294.802000,37.184720,-121.978840,
225.500000,306.033000,37.184670,-121.978730,
226.200000,313.875000,37.184640,-121.978650,
227.200000,321.057000,37.184630,-121.978570,
228.900000,327.364000,37.184620,-121.978500,
231.500000,333.671000,37.184610,-121.978430,
234.500000,342.609000,37.184600,-121.978330,
235.500000,348.817000,37.184600,-121.978260,
236.200000,355.912000,37.184600,-121.978180,
236.100000,360.484000,37.184610,-121.978130,
236.100000,365.920000,37.184620,-121.978070,
234.000000,391.102000,37.184690,-121.977800,
233.300000,398.538000,37.184710,-121.977720,
233.200000,402.085000,37.184710,-121.977680,
232.700000,407.407000,37.184710,-121.977620,
232.400000,410.067000,37.184710,-121.977590,
232.100000,410.954000,37.184710,-121.977580,
232.100000,412.377000,37.184700,-121.977570,
231.800000,413.264000,37.184700,-121.977560,
231.500000,415.358000,37.184690,-121.977540,
231.600000,416.782000,37.184680,-121.977530,
231.700000,418.205000,37.184670,-121.977520,
232.100000,420.601000,37.184650,-121.977510,
232.500000,421.715000,37.184640,-121.977510,
233.000000,425.170000,37.184610,-121.977500,
233.500000,428.509000,37.184580,-121.977500,
233.800000,430.736000,37.184560,-121.977500,
234.800000,435.276000,37.184520,-121.977510,
236.100000,440.912000,37.184470,-121.977520,
237.600000,446.548000,37.184420,-121.977530,
241.000000,457.821000,37.184320,-121.977550,
243.500000,465.663000,37.184250,-121.977560,
244.700000,472.401000,37.184190,-121.977570,
245.500000,476.941000,37.184150,-121.977580,
246.000000,483.679000,37.184090,-121.977590,
246.100000,492.585000,37.184010,-121.977590,
246.300000,498.150000,37.183960,-121.977590,
246.400000,503.787000,37.183910,-121.977580,
246.700000,508.327000,37.183870,-121.977570,
246.900000,512.108000,37.183840,-121.977550,
246.900000,516.378000,37.183810,-121.977520,
246.800000,536.646000,37.183680,-121.977360,
245.900000,549.836000,37.183610,-121.977240,
245.000000,560.244000,37.183550,-121.977150,
244.500000,573.942000,37.183450,-121.977060,
244.200000,578.212000,37.183420,-121.977030,
244.400000,581.993000,37.183390,-121.977010,
244.700000,585.448000,37.183360,-121.977000,
245.200000,588.788000,37.183330,-121.977000,
245.900000,592.127000,37.183300,-121.977000,
247.600000,598.865000,37.183240,-121.977010,
249.400000,603.318000,37.183200,-121.977010,
251.200000,607.771000,37.183160,-121.977010,
253.200000,613.337000,37.183110,-121.977010,
255.400000,620.074000,37.183050,-121.977000,
256.600000,625.711000,37.183000,-121.976990,
257.600000,631.552000,37.182950,-121.976970,
258.300000,636.093000,37.182910,-121.976960,
258.600000,638.489000,37.182890,-121.976950,
259.100000,643.676000,37.182850,-121.976920,
259.600000,649.369000,37.182810,-121.976880,
260.400000,656.419000,37.182780,-121.976810,
260.900000,660.137000,37.182770,-121.976770,
261.300000,661.911000,37.182770,-121.976750,
261.800000,663.684000,37.182770,-121.976730,
262.000000,664.571000,37.182770,-121.976720,
262.100000,665.995000,37.182780,-121.976710,
262.500000,668.089000,37.182790,-121.976690,
262.600000,670.485000,37.182810,-121.976680,
263.000000,672.579000,37.182820,-121.976660,
263.400000,676.361000,37.182850,-121.976640,
264.000000,682.530000,37.182900,-121.976610,
264.700000,689.720000,37.182960,-121.976580,
265.400000,695.356000,37.183010,-121.976570,
266.000000,699.896000,37.183050,-121.976560,
268.000000,706.807000,37.183110,-121.976540,
271.000000,717.435000,37.183200,-121.976500,
273.300000,729.773000,37.183300,-121.976440,
274.800000,736.057000,37.183340,-121.976390,
275.600000,741.245000,37.183380,-121.976360,
276.500000,747.414000,37.183430,-121.976330,
277.300000,751.195000,37.183460,-121.976310,
277.500000,754.535000,37.183490,-121.976310,
277.500000,756.761000,37.183510,-121.976310,
277.900000,761.214000,37.183550,-121.976310,
278.100000,769.056000,37.183620,-121.976320,
277.400000,782.677000,37.183740,-121.976350,
276.500000,791.758000,37.183820,-121.976370,
274.100000,811.194000,37.183990,-121.976420,
273.500000,815.735000,37.184030,-121.976430,
272.900000,819.190000,37.184060,-121.976440,
272.800000,821.416000,37.184080,-121.976440,
272.500000,824.756000,37.184110,-121.976440,
272.600000,827.152000,37.184130,-121.976430,
272.500000,830.608000,37.184160,-121.976420,
272.300000,835.401000,37.184200,-121.976400,
272.700000,838.870000,37.184220,-121.976370,
272.800000,841.717000,37.184240,-121.976350,
273.000000,845.186000,37.184260,-121.976320,
273.700000,848.904000,37.184270,-121.976280,
274.400000,855.186000,37.184300,-121.976220,
276.900000,870.869000,37.184360,-121.976060,
277.400000,877.919000,37.184390,-121.975990,
278.100000,882.491000,37.184400,-121.975940,
278.800000,889.927000,37.184420,-121.975860,
280.900000,900.569000,37.184420,-121.975740,
283.100000,912.152000,37.184410,-121.975610,
285.100000,922.853000,37.184400,-121.975490,
286.800000,930.034000,37.184390,-121.975410,
287.500000,933.582000,37.184390,-121.975370,
289.200000,942.520000,37.184400,-121.975270,
290.400000,948.827000,37.184410,-121.975200,
291.400000,953.016000,37.184430,-121.975160,
292.600000,957.888000,37.184460,-121.975120,
293.600000,962.158000,37.184490,-121.975090,
294.200000,966.698000,37.184530,-121.975080,
294.800000,969.094000,37.184550,-121.975070,
294.900000,971.321000,37.184570,-121.975070,
295.000000,972.434000,37.184580,-121.975070,
293.700000,978.603000,37.184630,-121.975100,
293.000000,984.772000,37.184680,-121.975130,
291.800000,994.721000,37.184760,-121.975180,
291.600000,999.514000,37.184800,-121.975200,
291.600000,1001.910000,37.184820,-121.975210,
291.900000,1007.752000,37.184870,-121.975230,
292.500000,1011.091000,37.184900,-121.975230,
293.400000,1015.544000,37.184940,-121.975230,
294.300000,1019.997000,37.184980,-121.975230,
295.200000,1025.633000,37.185030,-121.975220,
295.300000,1027.860000,37.185050,-121.975220,
295.600000,1030.256000,37.185070,-121.975210,
295.800000,1031.679000,37.185080,-121.975200,
296.000000,1034.526000,37.185100,-121.975180,
295.800000,1037.995000,37.185120,-121.975150,
295.800000,1040.879000,37.185130,-121.975120,
295.500000,1046.647000,37.185150,-121.975060,
294.800000,1056.466000,37.185160,-121.974950,
294.100000,1071.543000,37.185160,-121.974780,
293.300000,1080.411000,37.185160,-121.974680,
292.600000,1085.733000,37.185160,-121.974620,
292.500000,1094.876000,37.185140,-121.974520,
294.900000,1104.607000,37.185090,-121.974430,
294.800000,1112.449000,37.185060,-121.974350,
295.600000,1120.089000,37.185020,-121.974280,
296.900000,1132.574000,37.184950,-121.974170,
299.200000,1143.045000,37.184900,-121.974070,
302.700000,1155.609000,37.184840,-121.973950,
303.700000,1159.798000,37.184820,-121.973910,
304.900000,1164.232000,37.184820,-121.973860,
305.600000,1166.893000,37.184820,-121.973830,
306.100000,1168.666000,37.184820,-121.973810,
307.100000,1171.550000,37.184830,-121.973780,
308.200000,1174.397000,37.184850,-121.973760,
309.300000,1177.243000,37.184870,-121.973740,
310.700000,1181.025000,37.184900,-121.973720,
312.300000,1187.194000,37.184950,-121.973690,
312.900000,1190.649000,37.184980,-121.973680,
313.400000,1195.190000,37.185020,-121.973670,
313.200000,1201.869000,37.185080,-121.973670,
312.500000,1208.548000,37.185140,-121.973670,
311.900000,1216.390000,37.185210,-121.973660,
311.500000,1220.931000,37.185250,-121.973650,
311.600000,1224.712000,37.185280,-121.973630,
311.500000,1227.109000,37.185300,-121.973620,
311.400000,1229.505000,37.185320,-121.973610,
311.500000,1236.105000,37.185370,-121.973570,
311.700000,1240.375000,37.185400,-121.973540,
312.100000,1246.659000,37.185440,-121.973490,
312.700000,1254.997000,37.185490,-121.973420,
313.300000,1261.936000,37.185530,-121.973360,
313.700000,1266.808000,37.185560,-121.973320,
314.000000,1271.077000,37.185590,-121.973290,
314.600000,1282.864000,37.185680,-121.973220,
314.500000,1292.450000,37.185760,-121.973180,
314.800000,1300.684000,37.185830,-121.973150,
315.300000,1307.873000,37.185890,-121.973120,
316.800000,1318.729000,37.185970,-121.973050,
317.100000,1323.916000,37.186010,-121.973020,
318.000000,1328.104000,37.186030,-121.972980,
318.800000,1339.206000,37.186090,-121.972880,
318.700000,1346.256000,37.186120,-121.972810,
318.000000,1349.725000,37.186140,-121.972780,
317.900000,1353.443000,37.186150,-121.972740,
317.900000,1360.624000,37.186160,-121.972660,
318.200000,1368.683000,37.186150,-121.972570,
317.400000,1374.004000,37.186150,-121.972510,
317.300000,1380.600000,37.186130,-121.972440,
317.800000,1387.649000,37.186100,-121.972370,
317.800000,1397.379000,37.186050,-121.972280,
318.100000,1411.947000,37.185970,-121.972150,
317.500000,1418.230000,37.185940,-121.972090,
319.300000,1425.930000,37.185890,-121.972030,
320.000000,1432.214000,37.185850,-121.971980,
322.000000,1437.401000,37.185810,-121.971950,
324.100000,1443.570000,37.185760,-121.971920,
324.900000,1448.363000,37.185720,-121.971900,
326.000000,1450.590000,37.185700,-121.971900,
326.900000,1454.045000,37.185670,-121.971890,
328.100000,1456.271000,37.185650,-121.971890,
331.000000,1464.114000,37.185580,-121.971900,
332.600000,1471.957000,37.185510,-121.971910,
333.300000,1478.694000,37.185450,-121.971920,
333.400000,1483.235000,37.185410,-121.971910,
333.900000,1492.184000,37.185330,-121.971900,
333.700000,1496.977000,37.185290,-121.971880,
333.800000,1501.517000,37.185250,-121.971870,
333.200000,1512.862000,37.185160,-121.971810,
332.900000,1525.200000,37.185060,-121.971750,
331.800000,1535.163000,37.184990,-121.971680,
332.100000,1540.350000,37.184950,-121.971650,
332.200000,1544.620000,37.184920,-121.971620,
332.500000,1549.492000,37.184890,-121.971580,
334.600000,1557.132000,37.184850,-121.971510,
336.900000,1563.414000,37.184820,-121.971450,
338.000000,1566.298000,37.184810,-121.971420,
338.300000,1567.185000,37.184810,-121.971410,
338.900000,1568.959000,37.184810,-121.971390,
339.300000,1569.845000,37.184810,-121.971380,
339.900000,1571.940000,37.184820,-121.971360,
340.600000,1574.034000,37.184830,-121.971340,
342.100000,1578.906000,37.184860,-121.971300,
344.100000,1586.022000,37.184910,-121.971250,
345.400000,1596.878000,37.184990,-121.971180,
345.800000,1603.162000,37.185030,-121.971130,
346.000000,1608.034000,37.185060,-121.971090,
346.000000,1612.222000,37.185080,-121.971050,
345.900000,1618.505000,37.185110,-121.970990,
345.900000,1624.273000,37.185130,-121.970930,
346.100000,1631.455000,37.185140,-121.970850,
345.700000,1638.050000,37.185160,-121.970780,
345.000000,1648.056000,37.185180,-121.970670,
343.900000,1656.343000,37.185200,-121.970580,
342.800000,1666.161000,37.185210,-121.970470,
342.300000,1673.256000,37.185210,-121.970390,
342.500000,1678.693000,37.185200,-121.970330,
343.500000,1694.376000,37.185140,-121.970170,
343.600000,1702.217000,37.185110,-121.970090,
346.400000,1724.681000,37.185010,-121.969870,
347.300000,1728.869000,37.184990,-121.969830,
348.300000,1733.057000,37.184970,-121.969790,
349.300000,1735.904000,37.184950,-121.969770,
350.200000,1739.373000,37.184930,-121.969740,
351.400000,1743.643000,37.184900,-121.969710,
351.600000,1747.112000,37.184880,-121.969680,
352.000000,1751.382000,37.184850,-121.969650,
352.700000,1755.163000,37.184820,-121.969630,
352.700000,1760.350000,37.184780,-121.969600,
353.100000,1763.805000,37.184750,-121.969590,
353.400000,1767.261000,37.184720,-121.969580,
353.500000,1772.897000,37.184670,-121.969570,
353.700000,1778.533000,37.184620,-121.969560,
354.800000,1790.778000,37.184510,-121.969560,
355.300000,1799.728000,37.184430,-121.969550,
355.700000,1804.180000,37.184390,-121.969550,
355.900000,1808.721000,37.184350,-121.969540,
356.100000,1812.176000,37.184320,-121.969530,
356.200000,1816.969000,37.184280,-121.969510,
356.400000,1824.986000,37.184220,-121.969460,
357.000000,1837.263000,37.184130,-121.969380,
358.100000,1849.049000,37.184040,-121.969310,
358.400000,1851.895000,37.184020,-121.969290,
358.500000,1853.319000,37.184010,-121.969280,
358.800000,1858.191000,37.183980,-121.969240,
358.700000,1859.078000,37.183980,-121.969230,
358.600000,1859.965000,37.183980,-121.969220,
358.800000,1861.388000,37.183970,-121.969210,
358.600000,1863.162000,37.183970,-121.969190,
358.300000,1866.709000,37.183970,-121.969150,
358.100000,1869.370000,37.183970,-121.969120,
357.700000,1873.804000,37.183970,-121.969070,
357.800000,1878.766000,37.183950,-121.969020,
357.600000,1881.427000,37.183950,-121.968990,
357.600000,1883.521000,37.183940,-121.968970,
357.800000,1887.709000,37.183920,-121.968930,
358.200000,1892.581000,37.183890,-121.968890,
358.500000,1896.050000,37.183870,-121.968860,
358.900000,1899.520000,37.183850,-121.968830,
359.500000,1903.301000,37.183820,-121.968810,
361.400000,1914.645000,37.183730,-121.968750,
363.200000,1927.997000,37.183620,-121.968690,
364.100000,1936.014000,37.183560,-121.968640,
365.200000,1944.553000,37.183500,-121.968580,
366.100000,1950.838000,37.183460,-121.968530,
367.400000,1957.776000,37.183420,-121.968470,
368.800000,1964.715000,37.183380,-121.968410,
369.900000,1970.997000,37.183350,-121.968350,
370.800000,1977.280000,37.183320,-121.968290,
371.600000,1985.566000,37.183300,-121.968200,
372.200000,1997.309000,37.183280,-121.968070,
372.500000,2006.247000,37.183270,-121.967970,
372.500000,2012.455000,37.183270,-121.967900,
372.500000,2020.437000,37.183270,-121.967810,
372.500000,2028.419000,37.183270,-121.967720,
372.700000,2032.991000,37.183260,-121.967670,
373.100000,2038.760000,37.183240,-121.967610,
373.900000,2046.601000,37.183210,-121.967530,
374.400000,2052.370000,37.183190,-121.967470,
375.000000,2056.558000,37.183170,-121.967430,
381.000000,2105.849000,37.182880,-121.967010,
381.600000,2134.331000,37.182710,-121.966770,
384.100000,2152.433000,37.182620,-121.966600,
384.700000,2159.528000,37.182620,-121.966520,
385.700000,2168.467000,37.182630,-121.966420,
386.600000,2179.699000,37.182680,-121.966310,
388.600000,2189.443000,37.182740,-121.966230,
391.000000,2198.461000,37.182790,-121.966150,
392.300000,2205.056000,37.182810,-121.966080,
393.500000,2211.364000,37.182820,-121.966010,
394.800000,2217.671000,37.182830,-121.965940,
395.900000,2222.105000,37.182830,-121.965890,
396.400000,2223.879000,37.182830,-121.965870,
396.500000,2225.302000,37.182840,-121.965860,
396.800000,2226.189000,37.182840,-121.965850,
396.700000,2227.302000,37.182850,-121.965850,
396.800000,2228.726000,37.182860,-121.965840,
397.200000,2233.913000,37.182900,-121.965810,
397.200000,2236.309000,37.182920,-121.965800,
397.100000,2237.422000,37.182930,-121.965800,
397.000000,2240.878000,37.182960,-121.965790,
396.400000,2245.331000,37.183000,-121.965790,
395.700000,2249.783000,37.183040,-121.965790,
395.600000,2250.896000,37.183050,-121.965790,
395.400000,2253.293000,37.183070,-121.965780,
395.200000,2254.406000,37.183080,-121.965780,
394.900000,2256.803000,37.183100,-121.965770,
394.900000,2258.226000,37.183110,-121.965760,
395.100000,2260.320000,37.183120,-121.965740,
395.100000,2261.743000,37.183130,-121.965730,
395.700000,2270.761000,37.183180,-121.965650,
395.700000,2278.462000,37.183230,-121.965590,
396.200000,2287.479000,37.183280,-121.965510,
396.800000,2297.224000,37.183340,-121.965430,
397.200000,2302.096000,37.183370,-121.965390,
397.200000,2308.696000,37.183420,-121.965350,
397.800000,2328.988000,37.183570,-121.965220,
399.600000,2347.490000,37.183700,-121.965090,
403.100000,2359.767000,37.183790,-121.965010,
404.800000,2364.954000,37.183830,-121.964980,
406.300000,2369.747000,37.183870,-121.964960,
407.300000,2376.658000,37.183930,-121.964940,
407.600000,2382.294000,37.183980,-121.964930,
407.700000,2390.086000,37.184050,-121.964930,
407.400000,2400.144000,37.184140,-121.964940,
407.000000,2405.710000,37.184190,-121.964940,
406.500000,2410.250000,37.184230,-121.964950,
406.100000,2413.590000,37.184260,-121.964950,
405.600000,2416.929000,37.184290,-121.964950,
405.400000,2419.156000,37.184310,-121.964950,
405.200000,2420.269000,37.184320,-121.964950,
404.800000,2423.608000,37.184350,-121.964950,
404.700000,2424.722000,37.184360,-121.964950,
404.700000,2425.609000,37.184360,-121.964940,
404.600000,2426.722000,37.184370,-121.964940,
404.400000,2429.118000,37.184390,-121.964930,
404.300000,2430.542000,37.184400,-121.964920,
404.300000,2431.965000,37.184410,-121.964910,
404.300000,2433.388000,37.184420,-121.964900,
404.300000,2434.275000,37.184420,-121.964890,
404.200000,2435.698000,37.184430,-121.964880,
404.300000,2437.472000,37.184430,-121.964860,
404.400000,2439.246000,37.184430,-121.964840,
404.500000,2441.019000,37.184430,-121.964820,
404.600000,2443.114000,37.184420,-121.964800,
404.600000,2444.000000,37.184420,-121.964790,
404.600000,2444.887000,37.184420,-121.964780,
404.700000,2446.311000,37.184410,-121.964770,
404.900000,2447.734000,37.184400,-121.964760,
405.000000,2449.157000,37.184390,-121.964750,
405.200000,2450.580000,37.184380,-121.964740,
405.200000,2451.467000,37.184380,-121.964730,
405.300000,2452.891000,37.184370,-121.964720,
405.600000,2455.287000,37.184350,-121.964710,
406.400000,2462.477000,37.184290,-121.964680,
407.200000,2472.063000,37.184210,-121.964640,
407.500000,2479.252000,37.184150,-121.964610,
407.600000,2482.099000,37.184130,-121.964590,
408.300000,2488.268000,37.184080,-121.964560,
409.200000,2493.455000,37.184040,-121.964530,
410.000000,2497.725000,37.184010,-121.964500,
411.100000,2501.995000,37.183980,-121.964470,
412.100000,2507.688000,37.183940,-121.964430,
413.000000,2511.958000,37.183910,-121.964400,
413.400000,2513.381000,37.183900,-121.964390,
413.800000,2514.804000,37.183890,-121.964380,
414.300000,2516.899000,37.183880,-121.964360,
414.500000,2518.672000,37.183880,-121.964340,
415.000000,2520.766000,37.183870,-121.964320,
415.600000,2523.651000,37.183860,-121.964290,
416.000000,2526.311000,37.183860,-121.964260,
416.200000,2528.972000,37.183860,-121.964230,
416.300000,2531.632000,37.183860,-121.964200,
416.400000,2536.954000,37.183860,-121.964140,
416.500000,2542.390000,37.183850,-121.964080,
416.400000,2546.825000,37.183850,-121.964030,
416.600000,2551.397000,37.183840,-121.963980,
417.000000,2558.833000,37.183820,-121.963900,
417.700000,2568.309000,37.183790,-121.963800,
418.500000,2579.033000,37.183750,-121.963690,
418.700000,2584.801000,37.183730,-121.963630,
418.900000,2590.570000,37.183710,-121.963570,
418.900000,2594.288000,37.183700,-121.963530,
419.600000,2610.297000,37.183620,-121.963380,
420.200000,2620.041000,37.183560,-121.963300,
420.500000,2628.379000,37.183510,-121.963230,
421.000000,2638.917000,37.183440,-121.963150,
421.700000,2654.573000,37.183330,-121.963040,
423.000000,2669.375000,37.183230,-121.962930,
424.700000,2677.392000,37.183170,-121.962880,
425.400000,2681.662000,37.183140,-121.962850,
426.300000,2686.849000,37.183100,-121.962820,
427.000000,2690.631000,37.183070,-121.962800,
427.600000,2694.412000,37.183040,-121.962780,
427.900000,2699.205000,37.183000,-121.962760,
428.500000,2706.395000,37.182940,-121.962730,
428.600000,2708.791000,37.182920,-121.962720,
428.700000,2711.188000,37.182900,-121.962710,
429.300000,2714.527000,37.182870,-121.962710,
429.200000,2716.924000,37.182850,-121.962700,
429.400000,2721.464000,37.182810,-121.962690,
430.000000,2729.256000,37.182740,-121.962690,
430.600000,2742.644000,37.182620,-121.962680,
431.400000,2756.002000,37.182500,-121.962680,
432.100000,2767.134000,37.182400,-121.962680,
433.000000,2776.084000,37.182320,-121.962670,
434.300000,2785.033000,37.182240,-121.962680,
434.900000,2790.670000,37.182190,-121.962670,
435.100000,2793.066000,37.182170,-121.962660,
435.400000,2795.463000,37.182150,-121.962650,
435.500000,2796.886000,37.182140,-121.962640,
435.600000,2798.980000,37.182130,-121.962620,
435.800000,2801.827000,37.182110,-121.962600,
435.800000,2804.711000,37.182100,-121.962570,
435.700000,2810.032000,37.182100,-121.962510,
436.100000,2825.151000,37.182090,-121.962340,
437.400000,2834.089000,37.182100,-121.962240,
438.400000,2838.524000,37.182100,-121.962190,
438.800000,2840.297000,37.182100,-121.962170,
439.000000,2841.721000,37.182110,-121.962160,
440.200000,2849.157000,37.182130,-121.962080,
440.500000,2853.729000,37.182140,-121.962030,
440.300000,2857.447000,37.182150,-121.961990,
440.000000,2862.019000,37.182160,-121.961940,
439.800000,2865.567000,37.182160,-121.961900,
439.300000,2870.888000,37.182160,-121.961840,
438.800000,2874.436000,37.182160,-121.961800,
438.900000,2877.320000,37.182150,-121.961770,
439.100000,2879.414000,37.182140,-121.961750,
439.200000,2882.883000,37.182120,-121.961720,
438.900000,2885.768000,37.182110,-121.961690,
439.500000,2894.106000,37.182060,-121.961620,
440.400000,2901.222000,37.182010,-121.961570,
441.000000,2911.630000,37.181950,-121.961480,
441.700000,2918.569000,37.181910,-121.961420,
442.300000,2925.618000,37.181880,-121.961350,
443.000000,2929.807000,37.181860,-121.961310,
443.900000,2934.769000,37.181840,-121.961260,
444.500000,2939.341000,37.181830,-121.961210,
445.000000,2942.225000,37.181820,-121.961180,
445.200000,2944.886000,37.181820,-121.961150,
445.500000,2948.433000,37.181820,-121.961110,
446.000000,2953.755000,37.181820,-121.961050,
445.900000,2956.639000,37.181830,-121.961020,
446.200000,2962.946000,37.181840,-121.960950,
447.000000,2973.647000,37.181850,-121.960830,
447.400000,2979.954000,37.181860,-121.960760,
447.600000,2983.672000,37.181870,-121.960720,
448.700000,2988.245000,37.181860,-121.960670,
449.900000,2993.566000,37.181860,-121.960610,
451.900000,3001.002000,37.181840,-121.960530,
453.500000,3010.479000,37.181810,-121.960430,
454.600000,3019.132000,37.181780,-121.960340,
455.400000,3026.568000,37.181760,-121.960260,
456.300000,3034.208000,37.181720,-121.960190,
456.100000,3039.976000,37.181700,-121.960130,
456.200000,3044.849000,37.181670,-121.960090,
456.000000,3052.549000,37.181620,-121.960030,
455.500000,3060.887000,37.181570,-121.959960,
455.300000,3066.439000,37.181540,-121.959910,
455.400000,3083.192000,37.181460,-121.959750,
457.700000,3094.424000,37.181410,-121.959640,
458.400000,3097.308000,37.181400,-121.959610,
458.600000,3099.969000,37.181400,-121.959580,
459.400000,3102.853000,37.181390,-121.959550,
459.500000,3103.740000,37.181390,-121.959540,
459.700000,3104.627000,37.181390,-121.959530,
459.600000,3106.050000,37.181400,-121.959520,
460.800000,3109.768000,37.181410,-121.959480,
462.300000,3113.487000,37.181420,-121.959440,
465.100000,3121.127000,37.181460,-121.959370,
466.100000,3124.845000,37.181470,-121.959330,
466.300000,3127.729000,37.181480,-121.959300,
466.200000,3130.613000,37.181490,-121.959270,
466.100000,3132.387000,37.181490,-121.959250,
466.000000,3134.481000,37.181480,-121.959230,
465.500000,3139.053000,37.181470,-121.959180,
465.200000,3140.827000,37.181470,-121.959160,
465.200000,3143.674000,37.181450,-121.959140,
465.000000,3147.862000,37.181430,-121.959100,
465.200000,3152.655000,37.181390,-121.959080,
464.900000,3161.621000,37.181320,-121.959030,
465.100000,3166.161000,37.181280,-121.959020,
465.200000,3172.003000,37.181230,-121.959000,
465.300000,3178.914000,37.181170,-121.958980,
465.400000,3185.651000,37.181110,-121.958970,
465.400000,3191.217000,37.181060,-121.958970,
465.500000,3196.783000,37.181010,-121.958970,
465.700000,3200.239000,37.180980,-121.958980,
466.100000,3205.032000,37.180940,-121.959000,
467.000000,3213.594000,37.180870,-121.959040,
468.200000,3223.030000,37.180800,-121.959100,
469.000000,3230.592000,37.180740,-121.959140,
470.800000,3238.155000,37.180680,-121.959180,
471.800000,3242.948000,37.180640,-121.959200,
473.100000,3247.741000,37.180600,-121.959220,
473.900000,3252.282000,37.180560,-121.959230,
474.400000,3255.737000,37.180530,-121.959240,
475.300000,3262.416000,37.180470,-121.959240,
476.100000,3265.756000,37.180440,-121.959240,
476.900000,3269.537000,37.180410,-121.959220,
477.600000,3273.318000,37.180380,-121.959200,
477.800000,3275.413000,37.180370,-121.959180,
478.100000,3276.836000,37.180360,-121.959170,
478.500000,3278.930000,37.180350,-121.959150,
478.600000,3280.704000,37.180350,-121.959130,
478.700000,3282.478000,37.180350,-121.959110,
478.500000,3285.362000,37.180360,-121.959080,
478.500000,3287.136000,37.180360,-121.959060,
478.100000,3291.324000,37.180380,-121.959020,
478.000000,3294.209000,37.180390,-121.958990,
477.500000,3299.977000,37.180410,-121.958930,
477.400000,3303.525000,37.180410,-121.958890,
476.900000,3305.619000,37.180420,-121.958870,
477.000000,3307.713000,37.180410,-121.958850,
476.600000,3310.374000,37.180410,-121.958820,
477.100000,3313.221000,37.180390,-121.958800,
477.100000,3316.105000,37.180380,-121.958770,
477.200000,3319.574000,37.180360,-121.958740,
477.500000,3325.858000,37.180320,-121.958690,
477.800000,3332.143000,37.180280,-121.958640,
477.800000,3334.237000,37.180270,-121.958620,
478.200000,3343.255000,37.180220,-121.958540,
478.200000,3355.265000,37.180170,-121.958420,
479.300000,3364.406000,37.180130,-121.958330,
481.200000,3372.248000,37.180100,-121.958250,
482.000000,3375.795000,37.180100,-121.958210,
482.700000,3378.456000,37.180100,-121.958180,
482.900000,3380.550000,37.180110,-121.958160,
483.600000,3384.269000,37.180120,-121.958120,
483.900000,3386.363000,37.180130,-121.958100,
484.300000,3388.457000,37.180140,-121.958080,
484.600000,3391.304000,37.180160,-121.958060,
486.200000,3398.214000,37.180220,-121.958040,
487.100000,3400.611000,37.180240,-121.958030,
488.300000,3404.066000,37.180270,-121.958020,
488.600000,3405.179000,37.180280,-121.958020,
489.100000,3407.576000,37.180300,-121.958010,
489.700000,3409.972000,37.180320,-121.958000,
490.500000,3413.754000,37.180350,-121.957980,
491.200000,3416.601000,37.180370,-121.957960,
491.100000,3420.382000,37.180400,-121.957940,
491.000000,3426.075000,37.180440,-121.957900,
490.900000,3432.359000,37.180480,-121.957850,
490.800000,3436.548000,37.180500,-121.957810,
490.500000,3442.099000,37.180530,-121.957760,
490.300000,3446.671000,37.180540,-121.957710,
490.100000,3451.244000,37.180550,-121.957660,
489.500000,3456.680000,37.180560,-121.957600,
489.400000,3460.399000,37.180550,-121.957560,
489.100000,3464.971000,37.180540,-121.957510,
489.100000,3471.253000,37.180510,-121.957450,
489.500000,3476.805000,37.180480,-121.957400,
490.000000,3481.677000,37.180450,-121.957360,
490.600000,3485.947000,37.180420,-121.957330,
491.200000,3492.231000,37.180380,-121.957280,
492.800000,3512.375000,37.180260,-121.957110,
493.300000,3518.659000,37.180220,-121.957060,
494.200000,3524.353000,37.180180,-121.957020,
496.900000,3540.894000,37.180060,-121.956910,
497.200000,3543.741000,37.180040,-121.956890,
497.100000,3547.459000,37.180030,-121.956850,
497.300000,3551.177000,37.180020,-121.956810,
497.400000,3557.386000,37.180020,-121.956740,
497.800000,3563.154000,37.180040,-121.956680,
498.900000,3570.204000,37.180070,-121.956610,
500.000000,3575.076000,37.180100,-121.956570,
502.100000,3581.361000,37.180140,-121.956520,
504.500000,3594.561000,37.180240,-121.956440,
504.300000,3605.948000,37.180320,-121.956360,
504.400000,3611.499000,37.180350,-121.956310,
504.000000,3620.517000,37.180400,-121.956230,
503.400000,3628.157000,37.180440,-121.956160,
503.500000,3635.594000,37.180460,-121.956080,
503.100000,3640.556000,37.180480,-121.956030,
503.800000,3645.877000,37.180480,-121.955970,
504.000000,3651.314000,37.180490,-121.955910,
505.500000,3658.496000,37.180480,-121.955830,
506.000000,3662.044000,37.180480,-121.955790,
506.300000,3663.818000,37.180480,-121.955770,
507.000000,3668.252000,37.180480,-121.955720,
507.200000,3671.971000,37.180490,-121.955680,
507.500000,3673.744000,37.180490,-121.955660,
507.500000,3676.629000,37.180500,-121.955630,
507.500000,3678.723000,37.180510,-121.955610,
507.700000,3681.607000,37.180520,-121.955580,
508.000000,3691.338000,37.180570,-121.955490,
508.600000,3699.039000,37.180620,-121.955430,
511.500000,3708.770000,37.180670,-121.955340,
515.500000,3718.514000,37.180730,-121.955260,
517.300000,3727.633000,37.180790,-121.955190,
517.700000,3731.903000,37.180820,-121.955160,
517.700000,3735.685000,37.180850,-121.955140,
517.600000,3740.872000,37.180890,-121.955110,
517.500000,3746.059000,37.180930,-121.955080,
517.600000,3750.329000,37.180960,-121.955050,
517.800000,3762.898000,37.181040,-121.954950,
516.700000,3782.386000,37.181160,-121.954790,
516.000000,3788.671000,37.181200,-121.954740,
515.800000,3790.765000,37.181210,-121.954720,
515.400000,3792.188000,37.181220,-121.954710,
515.500000,3793.075000,37.181220,-121.954700,
515.800000,3794.849000,37.181220,-121.954680,
515.500000,3796.943000,37.181230,-121.954660,
517.100000,3820.243000,37.181260,-121.954400,
517.500000,3828.225000,37.181260,-121.954310,
517.600000,3832.660000,37.181260,-121.954260,
518.100000,3838.967000,37.181250,-121.954190,
518.600000,3847.906000,37.181240,-121.954090,
519.100000,3853.343000,37.181230,-121.954030,
519.500000,3857.915000,37.181220,-121.953980,
520.800000,3864.197000,37.181190,-121.953920,
520.900000,3866.858000,37.181190,-121.953890,
521.600000,3869.742000,37.181180,-121.953860,
521.900000,3871.516000,37.181180,-121.953840,
522.000000,3872.403000,37.181180,-121.953830,
522.300000,3875.064000,37.181180,-121.953800,
522.700000,3876.838000,37.181180,-121.953780,
523.500000,3881.410000,37.181190,-121.953730,
524.100000,3884.070000,37.181190,-121.953700,
524.900000,3888.505000,37.181190,-121.953650,
525.400000,3891.166000,37.181190,-121.953620,
525.400000,3893.826000,37.181190,-121.953590,
525.700000,3896.711000,37.181180,-121.953560,
526.000000,3898.805000,37.181170,-121.953540,
526.400000,3900.899000,37.181160,-121.953520,
526.500000,3904.368000,37.181140,-121.953490,
527.100000,3916.328000,37.181060,-121.953400,
526.900000,3919.797000,37.181040,-121.953370,
527.200000,3923.266000,37.181020,-121.953340,
526.900000,3926.736000,37.181000,-121.953310,
526.900000,3935.753000,37.180950,-121.953230,
527.300000,3943.394000,37.180910,-121.953160,
526.800000,3947.582000,37.180890,-121.953120,
526.800000,3951.051000,37.180870,-121.953090,
527.400000,3955.923000,37.180840,-121.953050,
527.600000,3960.193000,37.180810,-121.953020,
527.600000,3963.040000,37.180790,-121.953000,
528.000000,3969.209000,37.180740,-121.952970,
528.900000,3976.772000,37.180680,-121.952930,
531.400000,3989.110000,37.180580,-121.952870,
532.300000,3991.957000,37.180560,-121.952850,
532.800000,3994.354000,37.180540,-121.952840,
533.000000,3995.777000,37.180530,-121.952830,
533.200000,3997.551000,37.180530,-121.952810,
533.300000,3998.974000,37.180520,-121.952800,
533.500000,4001.068000,37.180510,-121.952780,
533.800000,4002.842000,37.180510,-121.952760,
534.100000,4004.616000,37.180510,-121.952740,
534.500000,4006.390000,37.180510,-121.952720,
535.200000,4010.108000,37.180520,-121.952680,
535.700000,4012.202000,37.180530,-121.952660,
536.200000,4014.296000,37.180540,-121.952640,
536.700000,4016.391000,37.180550,-121.952620,
540.200000,4029.591000,37.180650,-121.952540,
540.400000,4045.626000,37.180770,-121.952440,
540.300000,4047.049000,37.180780,-121.952430,
540.000000,4049.896000,37.180800,-121.952410,
539.900000,4051.990000,37.180810,-121.952390,
539.700000,4053.413000,37.180820,-121.952380,
539.600000,4057.132000,37.180830,-121.952340,
539.700000,4058.905000,37.180830,-121.952320,
539.600000,4062.624000,37.180840,-121.952280,
539.700000,4068.060000,37.180850,-121.952220,
544.500000,4097.350000,37.180860,-121.951890,
548.800000,4113.468000,37.180880,-121.951710,
549.400000,4115.563000,37.180890,-121.951690,
549.500000,4116.450000,37.180890,-121.951680,
550.000000,4118.544000,37.180900,-121.951660,
550.400000,4119.967000,37.180910,-121.951650,
550.800000,4121.390000,37.180920,-121.951640,
551.100000,4122.814000,37.180930,-121.951630,
551.400000,4125.040000,37.180950,-121.951630,
551.600000,4126.463000,37.180960,-121.951620,
551.900000,4128.690000,37.180980,-121.951620,
552.700000,4142.077000,37.181100,-121.951630,
553.000000,4148.757000,37.181160,-121.951630,
553.100000,4154.323000,37.181210,-121.951630,
552.700000,4157.778000,37.181240,-121.951620,
552.500000,4160.174000,37.181260,-121.951610,
552.400000,4161.598000,37.181270,-121.951600,
552.100000,4163.994000,37.181290,-121.951590,
552.000000,4166.841000,37.181310,-121.951570,
551.900000,4168.264000,37.181320,-121.951560,
551.800000,4170.358000,37.181330,-121.951540,
551.800000,4173.242000,37.181340,-121.951510,
551.700000,4175.337000,37.181350,-121.951490,
551.600000,4178.221000,37.181360,-121.951460,
551.500000,4182.793000,37.181370,-121.951410,
551.300000,4186.511000,37.181380,-121.951370,
551.200000,4190.946000,37.181380,-121.951320,
551.200000,4197.154000,37.181380,-121.951250,
551.300000,4202.591000,37.181370,-121.951190,
551.400000,4208.898000,37.181360,-121.951120,
552.000000,4222.927000,37.181320,-121.950970,
552.600000,4232.404000,37.181290,-121.950870,
553.100000,4249.834000,37.181250,-121.950680,
553.600000,4267.263000,37.181210,-121.950490,
553.700000,4270.147000,37.181200,-121.950460,
554.000000,4273.032000,37.181190,-121.950430,
553.900000,4274.806000,37.181190,-121.950410,
554.500000,4277.652000,37.181170,-121.950390,
555.200000,4281.121000,37.181150,-121.950360,
555.900000,4283.968000,37.181130,-121.950340,
556.700000,4288.156000,37.181110,-121.950300,
556.900000,4289.580000,37.181100,-121.950290,
557.200000,4291.674000,37.181090,-121.950270,
557.600000,4293.768000,37.181080,-121.950250,
557.900000,4297.486000,37.181070,-121.950210,
558.000000,4301.034000,37.181070,-121.950170,
558.900000,4309.903000,37.181070,-121.950070,
560.800000,4318.772000,37.181070,-121.949970,
562.700000,4327.641000,37.181070,-121.949870,
563.600000,4335.701000,37.181060,-121.949780,
563.600000,4341.137000,37.181050,-121.949720,
563.400000,4346.574000,37.181040,-121.949660,
563.500000,4349.458000,37.181030,-121.949630,
563.600000,4351.552000,37.181020,-121.949610,
564.000000,4355.022000,37.181000,-121.949580,
564.900000,4362.722000,37.180950,-121.949520,
565.800000,4372.467000,37.180890,-121.949440,
566.300000,4378.751000,37.180850,-121.949390,
566.700000,4385.690000,37.180810,-121.949330,
567.100000,4396.098000,37.180750,-121.949240,
566.800000,4404.474000,37.180710,-121.949160,
566.500000,4410.026000,37.180680,-121.949110,
566.300000,4412.120000,37.180670,-121.949090,
566.400000,4415.901000,37.180640,-121.949070,
566.400000,4418.298000,37.180620,-121.949060,
566.500000,4421.753000,37.180590,-121.949050,
566.800000,4423.980000,37.180570,-121.949050,
567.200000,4427.319000,37.180540,-121.949050,
568.200000,4432.955000,37.180490,-121.949060,
570.200000,4441.905000,37.180410,-121.949070,
574.600000,4455.526000,37.180290,-121.949100,
575.800000,4461.162000,37.180240,-121.949110,
576.800000,4469.004000,37.180170,-121.949120,
577.100000,4475.684000,37.180110,-121.949120,
576.800000,4480.224000,37.180070,-121.949110,
576.600000,4484.764000,37.180030,-121.949100,
576.700000,4488.104000,37.180000,-121.949100,
576.500000,4491.559000,37.179970,-121.949090,
575.900000,4497.401000,37.179920,-121.949070,
575.700000,4506.695000,37.179840,-121.949040,
576.600000,4515.645000,37.179760,-121.949030,
578.300000,4526.812000,37.179660,-121.949020,
579.300000,4531.265000,37.179620,-121.949020,
582.800000,4544.740000,37.179500,-121.949000,
583.300000,4547.137000,37.179480,-121.948990,
584.000000,4550.592000,37.179450,-121.948980,
584.300000,4551.479000,37.179450,-121.948970,
584.800000,4552.902000,37.179440,-121.948960,
585.700000,4554.997000,37.179430,-121.948940,
586.700000,4557.091000,37.179420,-121.948920,
588.100000,4560.638000,37.179420,-121.948880,
588.500000,4562.733000,37.179430,-121.948860,
589.100000,4564.507000,37.179430,-121.948840,
589.400000,4566.601000,37.179440,-121.948820,
589.700000,4572.152000,37.179470,-121.948770,
589.500000,4581.884000,37.179520,-121.948680,
588.100000,4591.003000,37.179580,-121.948610,
587.800000,4596.554000,37.179610,-121.948560,
587.200000,4602.105000,37.179640,-121.948510,
586.600000,4604.990000,37.179650,-121.948480,
585.300000,4609.178000,37.179670,-121.948440,
585.100000,4611.839000,37.179670,-121.948410,
583.900000,4614.723000,37.179680,-121.948380,
584.200000,4617.607000,37.179670,-121.948350,
584.100000,4618.494000,37.179670,-121.948340,
583.900000,4619.381000,37.179670,-121.948330,
583.900000,4622.266000,37.179660,-121.948300,
584.200000,4624.360000,37.179650,-121.948280,
584.400000,4634.284000,37.179610,-121.948180,
586.700000,4654.404000,37.179500,-121.948000,
589.500000,4685.627000,37.179330,-121.947720,
593.000000,4708.520000,37.179200,-121.947520,
593.200000,4710.614000,37.179190,-121.947500,
593.700000,4713.498000,37.179180,-121.947470,
594.100000,4717.216000,37.179170,-121.947430,
596.700000,4739.640000,37.179200,-121.947180,
597.600000,4747.699000,37.179210,-121.947090,
598.000000,4751.247000,37.179210,-121.947050,
598.100000,4755.682000,37.179210,-121.947000,
597.900000,4764.621000,37.179200,-121.946900,
598.700000,4770.903000,37.179170,-121.946840,
599.000000,4782.006000,37.179110,-121.946740,
599.300000,4790.344000,37.179060,-121.946670,
599.300000,4798.884000,37.179000,-121.946610,
599.800000,4807.850000,37.178930,-121.946560,
600.100000,4818.807000,37.178840,-121.946510,
600.600000,4824.443000,37.178790,-121.946500,
602.100000,4834.461000,37.178700,-121.946500,
606.800000,4850.147000,37.178560,-121.946520,
610.000000,4861.314000,37.178460,-121.946510,
612.800000,4871.680000,37.178370,-121.946480,
614.500000,4877.522000,37.178320,-121.946460,
615.500000,4881.303000,37.178290,-121.946440,
616.500000,4885.085000,37.178260,-121.946420,
617.200000,4888.554000,37.178240,-121.946390,
617.900000,4892.742000,37.178220,-121.946350,
618.400000,4896.461000,37.178210,-121.946310,
618.600000,4899.122000,37.178210,-121.946280,
618.500000,4901.216000,37.178220,-121.946260,
618.500000,4904.100000,37.178230,-121.946230,
618.100000,4907.570000,37.178250,-121.946200,
615.500000,4923.226000,37.178360,-121.946090,
614.700000,4932.345000,37.178420,-121.946020,
614.700000,4936.534000,37.178440,-121.945980,
614.900000,4941.496000,37.178460,-121.945930,
615.200000,4944.157000,37.178460,-121.945900,
615.500000,4947.704000,37.178460,-121.945860,
616.000000,4952.277000,37.178450,-121.945810,
616.400000,4955.161000,37.178440,-121.945780,
617.100000,4959.349000,37.178420,-121.945740,
618.300000,4964.537000,37.178380,-121.945710,
619.300000,4968.318000,37.178350,-121.945690,
623.100000,4982.697000,37.178230,-121.945630,
625.400000,4993.654000,37.178140,-121.945580,
626.400000,5000.254000,37.178090,-121.945540,
627.300000,5008.794000,37.178030,-121.945480,
627.500000,5015.733000,37.177990,-121.945420,
627.600000,5019.202000,37.177970,-121.945390,
627.500000,5024.754000,37.177940,-121.945340,
627.200000,5028.942000,37.177920,-121.945300,
626.700000,5037.281000,37.177870,-121.945230,
626.500000,5042.153000,37.177840,-121.945190,
626.900000,5063.503000,37.177690,-121.945040,
627.800000,5080.322000,37.177580,-121.944910,
628.500000,5110.208000,37.177400,-121.944660,
628.800000,5112.605000,37.177380,-121.944650,
629.000000,5115.001000,37.177360,-121.944640,
629.000000,5116.425000,37.177350,-121.944630,
629.500000,5118.651000,37.177330,-121.944630,
630.000000,5120.075000,37.177320,-121.944640,
631.400000,5123.544000,37.177300,-121.944670,
632.500000,5126.428000,37.177290,-121.944700,
632.800000,5128.523000,37.177300,-121.944720,
633.300000,5130.296000,37.177300,-121.944740,
633.600000,5133.766000,37.177320,-121.944770,
633.700000,5137.235000,37.177340,-121.944800,
634.300000,5148.338000,37.177400,-121.944900,
634.500000,5157.357000,37.177450,-121.944980,
634.900000,5169.180000,37.177510,-121.945090,
635.000000,5181.746000,37.177570,-121.945210,
636.200000,5195.463000,37.177600,-121.945360,
636.700000,5204.608000,37.177620,-121.945460,
637.700000,5215.251000,37.177620,-121.945580,
638.200000,5221.460000,37.177620,-121.945650,
638.800000,5227.228000,37.177600,-121.945710,
639.300000,5232.190000,37.177580,-121.945760,
639.900000,5235.972000,37.177550,-121.945780,
640.500000,5239.753000,37.177520,-121.945800,
640.800000,5241.980000,37.177500,-121.945800,
641.700000,5246.520000,37.177460,-121.945790,
642.100000,5249.989000,37.177440,-121.945760,
642.800000,5257.630000,37.177400,-121.945690,
643.100000,5265.066000,37.177380,-121.945610,
643.600000,5274.207000,37.177340,-121.945520,
644.600000,5288.307000,37.177280,-121.945380,
645.200000,5293.179000,37.177250,-121.945340,
646.200000,5299.463000,37.177210,-121.945290,
648.700000,5316.543000,37.177090,-121.945170,
649.600000,5337.352000,37.176940,-121.945030,
649.800000,5351.732000,37.176820,-121.944970,
650.000000,5360.812000,37.176740,-121.944950,
650.400000,5368.655000,37.176670,-121.944960,
650.900000,5375.565000,37.176610,-121.944980,
651.700000,5382.755000,37.176550,-121.945010,
653.900000,5396.908000,37.176440,-121.945090,
655.200000,5407.536000,37.176350,-121.945130,
656.200000,5413.705000,37.176300,-121.945160,
656.600000,5420.443000,37.176240,-121.945170,
657.500000,5428.677000,37.176170,-121.945200,
658.000000,5433.470000,37.176130,-121.945220,
658.800000,5437.740000,37.176100,-121.945250,
659.200000,5440.587000,37.176080,-121.945270,
660.200000,5444.305000,37.176070,-121.945310,
661.000000,5446.966000,37.176070,-121.945340,
661.600000,5449.060000,37.176080,-121.945360,
661.900000,5449.947000,37.176080,-121.945370,
662.600000,5452.794000,37.176100,-121.945390,
662.700000,5455.020000,37.176120,-121.945390,
662.800000,5458.360000,37.176150,-121.945390,
662.700000,5465.098000,37.176210,-121.945380,
662.400000,5469.638000,37.176250,-121.945370,
662.100000,5474.178000,37.176290,-121.945360,
659.600000,5489.925000,37.176420,-121.945290,
658.900000,5495.767000,37.176470,-121.945270,
658.800000,5500.220000,37.176510,-121.945270,
658.700000,5504.673000,37.176550,-121.945270,
659.000000,5509.466000,37.176590,-121.945290,
659.600000,5513.736000,37.176620,-121.945320,
660.200000,5517.205000,37.176640,-121.945350,
661.000000,5522.757000,37.176670,-121.945400,
662.300000,5530.599000,37.176700,-121.945480,
665.800000,5543.215000,37.176720,-121.945620,
668.800000,5551.197000,37.176720,-121.945710,
670.800000,5558.293000,37.176720,-121.945790,
672.100000,5565.475000,37.176710,-121.945870,
672.600000,5572.912000,37.176690,-121.945950,
672.900000,5579.197000,37.176650,-121.946000,
673.100000,5588.316000,37.176590,-121.946070,
673.500000,5597.435000,37.176530,-121.946140,
674.300000,5607.974000,37.176460,-121.946220,
674.600000,5615.091000,37.176410,-121.946270,
675.200000,5623.631000,37.176350,-121.946330,
676.600000,5632.597000,37.176280,-121.946380,
677.600000,5638.881000,37.176240,-121.946430,
679.000000,5646.522000,37.176200,-121.946500,
679.700000,5651.484000,37.176180,-121.946550,
680.700000,5658.921000,37.176160,-121.946630,
681.700000,5666.903000,37.176160,-121.946720,
682.500000,5672.340000,37.176170,-121.946780,
683.100000,5676.059000,37.176180,-121.946820,
683.800000,5681.610000,37.176210,-121.946870,
684.900000,5693.417000,37.176280,-121.946970,
685.700000,5708.219000,37.176380,-121.947080,
686.800000,5720.496000,37.176470,-121.947160,
687.400000,5731.841000,37.176560,-121.947220,
688.000000,5743.627000,37.176650,-121.947290,
687.800000,5748.420000,37.176690,-121.947310,
687.800000,5757.386000,37.176760,-121.947360,
688.100000,5760.856000,37.176780,-121.947390,
688.500000,5765.728000,37.176810,-121.947430,
688.900000,5769.916000,37.176830,-121.947470,
689.500000,5773.635000,37.176840,-121.947510,
689.800000,5776.519000,37.176850,-121.947540,
690.700000,5780.954000,37.176850,-121.947590,
691.300000,5784.502000,37.176850,-121.947630,
692.300000,5789.824000,37.176850,-121.947690,
693.400000,5795.261000,37.176840,-121.947750,
694.500000,5799.833000,37.176830,-121.947800,
695.700000,5805.270000,37.176820,-121.947860,
696.400000,5808.818000,37.176820,-121.947900,
696.700000,5810.592000,37.176820,-121.947920,
697.500000,5814.139000,37.176820,-121.947960,
698.200000,5818.574000,37.176820,-121.948010,
698.800000,5824.343000,37.176840,-121.948070,
699.000000,5829.305000,37.176860,-121.948120,
698.800000,5834.857000,37.176890,-121.948170,
698.400000,5844.602000,37.176950,-121.948250,
698.200000,5851.718000,37.177000,-121.948300,
698.100000,5859.419000,37.177050,-121.948360,
697.900000,5871.225000,37.177120,-121.948460,
698.400000,5878.408000,37.177130,-121.948540,
698.600000,5882.842000,37.177130,-121.948590,
698.600000,5886.561000,37.177120,-121.948630,
698.400000,5892.329000,37.177100,-121.948690,
698.300000,5897.202000,37.177070,-121.948730,
698.300000,5902.895000,37.177030,-121.948770,
699.000000,5909.806000,37.176970,-121.948790,
700.500000,5921.251000,37.176870,-121.948820,
703.300000,5943.953000,37.176670,-121.948870,
704.400000,5959.371000,37.176540,-121.948930,
704.500000,5969.335000,37.176470,-121.949000,
705.500000,5978.454000,37.176410,-121.949070,
707.600000,5987.573000,37.176350,-121.949140,
709.400000,5995.214000,37.176310,-121.949210,
710.900000,6003.056000,37.176280,-121.949290,
711.800000,6008.825000,37.176260,-121.949350,
711.900000,6013.259000,37.176260,-121.949400,
711.500000,6016.978000,37.176270,-121.949440,
710.300000,6024.095000,37.176320,-121.949490,
708.700000,6033.061000,37.176390,-121.949540,
708.300000,6043.435000,37.176470,-121.949600,
707.600000,6058.555000,37.176580,-121.949700,
706.900000,6068.963000,37.176640,-121.949790,
707.200000,6077.616000,37.176670,-121.949880,
708.900000,6090.084000,37.176660,-121.950020,
710.900000,6104.183000,37.176600,-121.950160,
712.700000,6116.007000,37.176540,-121.950270,
715.000000,6126.416000,37.176480,-121.950360,
717.700000,6134.754000,37.176430,-121.950430,
720.200000,6142.596000,37.176400,-121.950510,
720.900000,6146.144000,37.176400,-121.950550,
721.800000,6149.692000,37.176400,-121.950590,
722.800000,6155.129000,37.176410,-121.950650,
723.500000,6160.898000,37.176430,-121.950710,
723.700000,6166.449000,37.176460,-121.950760,
723.600000,6172.143000,37.176500,-121.950800,
723.900000,6177.836000,37.176540,-121.950840,
722.800000,6197.008000,37.176700,-121.950920,
722.600000,6216.445000,37.176870,-121.950970,
723.300000,6226.394000,37.176950,-121.951020,
723.700000,6231.581000,37.176990,-121.951050,
724.400000,6237.866000,37.177030,-121.951100,
724.600000,6242.054000,37.177050,-121.951140,
724.800000,6250.707000,37.177080,-121.951230,
725.100000,6254.162000,37.177050,-121.951240,
725.300000,6256.389000,37.177030,-121.951240,
725.600000,6258.615000,37.177010,-121.951240,
725.700000,6261.012000,37.176990,-121.951230,
726.000000,6263.238000,37.176970,-121.951230,
726.300000,6266.694000,37.176940,-121.951220,
726.800000,6274.928000,37.176870,-121.951190,
727.400000,6291.703000,37.176730,-121.951120,
729.200000,6306.839000,37.176600,-121.951070,
731.200000,6318.285000,37.176500,-121.951040,
732.200000,6327.871000,37.176420,-121.951000,
733.600000,6339.854000,37.176320,-121.950950,
734.500000,6350.228000,37.176240,-121.950890,
735.200000,6358.246000,37.176180,-121.950840,
735.700000,6365.946000,37.176130,-121.950780,
735.900000,6371.498000,37.176100,-121.950730,
736.500000,6374.967000,37.176080,-121.950700,
736.600000,6377.852000,37.176070,-121.950670,
736.800000,6382.424000,37.176060,-121.950620,
737.100000,6385.309000,37.176050,-121.950590,
737.000000,6388.856000,37.176050,-121.950550,
737.000000,6391.517000,37.176050,-121.950520,
737.100000,6399.500000,37.176050,-121.950430,
736.900000,6404.937000,37.176060,-121.950370,
736.600000,6412.120000,37.176070,-121.950290,
736.400000,6414.214000,37.176080,-121.950270,
736.300000,6416.875000,37.176080,-121.950240,
736.300000,6419.536000,37.176080,-121.950210,
736.300000,6421.310000,37.176080,-121.950190,
736.400000,6424.194000,37.176070,-121.950160,
736.400000,6427.912000,37.176060,-121.950120,
736.600000,6429.336000,37.176050,-121.950110,
736.600000,6430.223000,37.176050,-121.950100,
737.000000,6434.493000,37.176020,-121.950070,
738.200000,6441.093000,37.175970,-121.950030,
742.500000,6460.162000,37.175840,-121.949890,
744.200000,6469.180000,37.175790,-121.949810,
744.500000,6470.604000,37.175780,-121.949800,
745.500000,6476.155000,37.175750,-121.949750,
746.000000,6483.205000,37.175720,-121.949680,
745.800000,6487.778000,37.175710,-121.949630,
745.400000,6492.350000,37.175700,-121.949580,
744.800000,6501.495000,37.175680,-121.949480,
744.700000,6508.091000,37.175660,-121.949410,
744.900000,6510.185000,37.175650,-121.949390,
744.600000,6511.959000,37.175650,-121.949370,
745.100000,6516.832000,37.175620,-121.949330,
745.200000,6521.020000,37.175600,-121.949290,
745.500000,6525.893000,37.175570,-121.949250,
746.000000,6531.080000,37.175530,-121.949220,
746.300000,6539.620000,37.175470,-121.949160,
746.500000,6544.807000,37.175430,-121.949130,
747.700000,6557.831000,37.175320,-121.949080,
748.200000,6563.672000,37.175270,-121.949060,
749.100000,6571.907000,37.175200,-121.949030,
749.400000,6575.688000,37.175170,-121.949010,
749.600000,6579.958000,37.175140,-121.948980,
754.300000,6610.409000,37.174930,-121.948760,
755.300000,6620.948000,37.174860,-121.948680,
756.800000,6631.323000,37.174780,-121.948620,
757.100000,6641.862000,37.174710,-121.948540,
756.800000,6646.734000,37.174680,-121.948500,
756.800000,6653.019000,37.174640,-121.948450,
757.200000,6658.206000,37.174600,-121.948420,
757.100000,6661.053000,37.174580,-121.948400,
757.600000,6666.240000,37.174540,-121.948370,
758.300000,6673.430000,37.174480,-121.948340,
759.300000,6680.340000,37.174420,-121.948320,
759.700000,6683.796000,37.174390,-121.948310,
760.000000,6687.577000,37.174360,-121.948290,
760.500000,6691.033000,37.174330,-121.948280,
760.700000,6693.879000,37.174310,-121.948260,
760.800000,6700.164000,37.174270,-121.948210,
761.100000,6708.502000,37.174220,-121.948140,
761.100000,6710.597000,37.174210,-121.948120,
761.000000,6713.481000,37.174200,-121.948090,
760.800000,6718.443000,37.174180,-121.948040,
761.000000,6723.995000,37.174150,-121.947990,
762.400000,6743.420000,37.174040,-121.947820,
762.500000,6748.382000,37.174020,-121.947770,
762.800000,6754.151000,37.174000,-121.947710,
763.300000,6761.588000,37.173980,-121.947630,
764.100000,6769.025000,37.173960,-121.947550,
765.100000,6777.965000,37.173950,-121.947450,
766.500000,6784.273000,37.173940,-121.947380,
769.300000,6810.092000,37.173920,-121.947090,
769.100000,6826.981000,37.173910,-121.946900,
769.300000,6847.654000,37.173880,-121.946670,
769.000000,6853.422000,37.173860,-121.946610,
769.200000,6856.892000,37.173840,-121.946580,
769.500000,6860.362000,37.173820,-121.946550,
769.900000,6863.831000,37.173800,-121.946520,
771.300000,6872.065000,37.173730,-121.946490,
777.200000,6898.112000,37.173510,-121.946390,
778.700000,6902.905000,37.173470,-121.946370,
780.100000,6907.175000,37.173440,-121.946340,
781.000000,6909.572000,37.173420,-121.946330,
781.300000,6912.456000,37.173410,-121.946300,
781.500000,6914.551000,37.173400,-121.946280,
781.800000,6918.269000,37.173390,-121.946240,
781.700000,6923.591000,37.173390,-121.946180,
781.700000,6929.800000,37.173390,-121.946110,
782.300000,6933.519000,37.173380,-121.946070,
782.900000,6938.091000,37.173370,-121.946020,
783.600000,6942.664000,37.173360,-121.945970,
786.800000,6958.737000,37.173310,-121.945800,
787.300000,6963.172000,37.173310,-121.945750,
788.000000,6967.607000,37.173310,-121.945700,
788.600000,6972.180000,37.173320,-121.945650,
788.600000,6977.052000,37.173350,-121.945610,
788.900000,6986.071000,37.173400,-121.945530,
788.400000,6995.190000,37.173460,-121.945460,
787.300000,7004.310000,37.173520,-121.945390,
786.500000,7012.648000,37.173570,-121.945320,
785.600000,7020.289000,37.173610,-121.945250,
785.300000,7027.726000,37.173630,-121.945170,
784.800000,7034.034000,37.173640,-121.945100,
784.700000,7038.606000,37.173630,-121.945050,
784.500000,7040.380000,37.173630,-121.945030,
784.700000,7044.569000,37.173610,-121.944990,
785.700000,7048.839000,37.173580,-121.944960,
787.700000,7055.008000,37.173530,-121.944930,
789.800000,7063.026000,37.173470,-121.944880,
795.000000,7085.313000,37.173290,-121.944770,
796.000000,7093.330000,37.173230,-121.944720,
796.600000,7140.002000,37.172940,-121.944340,
796.600000,7144.272000,37.172910,-121.944310,
796.800000,7146.669000,37.172890,-121.944300,
799.000000,7173.372000,37.172670,-121.944180,
799.100000,7177.642000,37.172640,-121.944150,
799.700000,7185.343000,37.172590,-121.944090,
800.900000,7193.681000,37.172540,-121.944020,
801.300000,7199.990000,37.172530,-121.943950,
801.800000,7203.708000,37.172520,-121.943910,
803.000000,7215.239000,37.172520,-121.943780,
804.600000,7225.883000,37.172520,-121.943660,
806.400000,7235.891000,37.172500,-121.943550,
807.200000,7247.124000,37.172450,-121.943440,
807.600000,7256.265000,37.172410,-121.943350,
809.300000,7270.883000,37.172320,-121.943230,
811.200000,7281.986000,37.172260,-121.943130,
811.800000,7286.559000,37.172250,-121.943080,
812.200000,7289.444000,37.172240,-121.943050,
812.400000,7293.162000,37.172250,-121.943010,
812.600000,7296.881000,37.172260,-121.942970,
812.600000,7301.753000,37.172290,-121.942930,
812.100000,7312.128000,37.172370,-121.942870,
811.800000,7321.094000,37.172440,-121.942820,
811.700000,7329.111000,37.172500,-121.942770,
812.100000,7333.984000,37.172530,-121.942730,
812.800000,7339.536000,37.172560,-121.942680,
814.600000,7347.378000,37.172590,-121.942600,
816.400000,7355.019000,37.172630,-121.942530,
818.000000,7362.660000,37.172670,-121.942460,
818.700000,7366.848000,37.172690,-121.942420,
818.900000,7371.118000,37.172720,-121.942390,
819.000000,7374.588000,37.172740,-121.942360,
819.200000,7378.777000,37.172760,-121.942320,
819.100000,7380.871000,37.172770,-121.942300,
818.900000,7384.590000,37.172780,-121.942260,
818.800000,7387.251000,37.172780,-121.942230,
818.500000,7391.686000,37.172780,-121.942180,
818.200000,7395.234000,37.172780,-121.942140,
818.000000,7398.952000,37.172770,-121.942100,
818.000000,7403.141000,37.172750,-121.942060,
817.900000,7408.103000,37.172730,-121.942010,
818.300000,7415.043000,37.172690,-121.941950,
818.900000,7419.313000,37.172660,-121.941920,
819.800000,7425.006000,37.172620,-121.941880,
820.400000,7428.476000,37.172600,-121.941850,
821.500000,7432.746000,37.172570,-121.941820,
822.300000,7436.215000,37.172550,-121.941790,
822.400000,7437.989000,37.172550,-121.941770,
822.800000,7440.874000,37.172540,-121.941740,
823.000000,7444.422000,37.172540,-121.941700,
823.200000,7447.970000,37.172540,-121.941660,
823.600000,7455.066000,37.172540,-121.941580,
823.700000,7458.614000,37.172540,-121.941540,
823.800000,7463.936000,37.172540,-121.941480,
823.800000,7467.484000,37.172540,-121.941440,
824.000000,7471.203000,37.172530,-121.941400,
824.300000,7476.640000,37.172520,-121.941340,
824.600000,7481.213000,37.172510,-121.941290,
825.400000,7486.982000,37.172490,-121.941230,
826.100000,7493.290000,37.172480,-121.941160,
827.200000,7499.886000,37.172460,-121.941090,
828.600000,7507.946000,37.172450,-121.941000,
830.400000,7517.767000,37.172440,-121.940890,
834.100000,7543.706000,37.172410,-121.940600,
835.200000,7551.689000,37.172410,-121.940510,
835.800000,7557.126000,37.172420,-121.940450,
836.400000,7560.845000,37.172430,-121.940410,
836.800000,7563.729000,37.172440,-121.940380,
837.400000,7567.199000,37.172460,-121.940350,
838.000000,7575.433000,37.172530,-121.940320,
838.100000,7578.888000,37.172560,-121.940310,
838.500000,7583.681000,37.172600,-121.940290,
838.100000,7589.247000,37.172650,-121.940290,
837.900000,7595.985000,37.172710,-121.940280,
837.500000,7604.935000,37.172790,-121.940270,
837.200000,7608.274000,37.172820,-121.940270,
837.200000,7612.815000,37.172860,-121.940260,
837.300000,7617.608000,37.172900,-121.940240,
837.200000,7624.518000,37.172960,-121.940220,
837.300000,7633.080000,37.173030,-121.940180,
837.100000,7640.270000,37.173090,-121.940150,
836.800000,7645.063000,37.173130,-121.940130,
836.800000,7649.333000,37.173160,-121.940100,
836.900000,7654.206000,37.173190,-121.940060,
837.000000,7659.078000,37.173220,-121.940020,
837.600000,7670.311000,37.173270,-121.939910,
838.200000,7681.036000,37.173310,-121.939800,
839.300000,7694.229000,37.173350,-121.939660,
840.300000,7702.516000,37.173370,-121.939570,
841.900000,7716.234000,37.173400,-121.939420,
843.500000,7728.850000,37.173420,-121.939280,
845.200000,7742.155000,37.173420,-121.939130,
845.300000,7747.592000,37.173430,-121.939070,
845.300000,7749.366000,37.173430,-121.939050,
845.400000,7752.914000,37.173430,-121.939010,
845.400000,7753.801000,37.173430,-121.939000,
845.800000,7756.686000,37.173420,-121.938970,
846.100000,7759.570000,37.173410,-121.938940,
846.400000,7761.664000,37.173400,-121.938920,
847.000000,7765.853000,37.173380,-121.938880,
851.200000,7780.656000,37.173280,-121.938770,
855.000000,7796.683000,37.173180,-121.938640,
858.000000,7856.376000,37.172860,-121.938100,
858.100000,7872.061000,37.172800,-121.937940,
858.000000,7881.539000,37.172770,-121.937840,
857.800000,7890.192000,37.172740,-121.937750,
858.500000,7897.893000,37.172690,-121.937690,
860.600000,7912.046000,37.172580,-121.937610,
861.800000,7918.646000,37.172530,-121.937570,
863.400000,7928.610000,37.172460,-121.937500,
864.800000,7937.150000,37.172400,-121.937440,
865.100000,7944.791000,37.172360,-121.937370,
865.300000,7951.074000,37.172330,-121.937310,
867.300000,7963.079000,37.172300,-121.937180,
869.500000,7973.953000,37.172280,-121.937060,
871.900000,7987.671000,37.172250,-121.936910,
872.500000,7992.106000,37.172250,-121.936860,
873.000000,7994.991000,37.172240,-121.936830,
873.300000,7997.875000,37.172250,-121.936800,
873.500000,7999.970000,37.172260,-121.936780,
873.800000,8002.854000,37.172270,-121.936750,
873.900000,8004.278000,37.172280,-121.936740,
874.200000,8006.372000,37.172290,-121.936720,
874.200000,8008.769000,37.172310,-121.936710,
874.300000,8014.610000,37.172360,-121.936690,
874.400000,8017.007000,37.172380,-121.936680,
874.200000,8022.573000,37.172430,-121.936680,
874.300000,8028.209000,37.172480,-121.936670,
874.400000,8033.845000,37.172530,-121.936660,
874.400000,8036.072000,37.172550,-121.936660,
874.700000,8038.468000,37.172570,-121.936650,
874.900000,8040.865000,37.172590,-121.936640,
875.700000,8043.711000,37.172610,-121.936620,
876.000000,8045.135000,37.172620,-121.936610,
876.500000,8046.558000,37.172630,-121.936600,
877.800000,8050.828000,37.172660,-121.936570,
880.000000,8057.111000,37.172690,-121.936510,
881.100000,8060.581000,37.172710,-121.936480,
882.100000,8064.050000,37.172730,-121.936450,
882.800000,8066.897000,37.172750,-121.936430,
883.700000,8072.084000,37.172790,-121.936400,
884.100000,8078.995000,37.172850,-121.936380,
884.000000,8084.631000,37.172900,-121.936370,
883.800000,8090.268000,37.172950,-121.936360,
883.400000,8096.109000,37.173000,-121.936340,
883.200000,8099.891000,37.173030,-121.936320,
883.000000,8102.738000,37.173050,-121.936300,
882.800000,8106.207000,37.173070,-121.936270,
882.500000,8109.054000,37.173090,-121.936250,
882.500000,8111.938000,37.173100,-121.936220,
882.500000,8114.823000,37.173110,-121.936190,
882.500000,8117.707000,37.173120,-121.936160,
882.500000,8122.280000,37.173130,-121.936110,
882.400000,8124.941000,37.173130,-121.936080,
882.500000,8130.378000,37.173120,-121.936020,
882.600000,8139.032000,37.173090,-121.935930,
882.300000,8146.469000,37.173070,-121.935850,
882.500000,8149.938000,37.173050,-121.935820,
882.400000,8154.127000,37.173030,-121.935780,
882.500000,8158.999000,37.173000,-121.935740,
882.500000,8163.269000,37.172970,-121.935710,
882.800000,8165.666000,37.172950,-121.935700,
883.000000,8170.853000,37.172910,-121.935670,
883.700000,8176.695000,37.172860,-121.935650,
884.500000,8181.488000,37.172820,-121.935630,
886.000000,8187.124000,37.172770,-121.935620,
887.800000,8192.761000,37.172720,-121.935610,
889.700000,8198.397000,37.172670,-121.935600,
891.900000,8203.963000,37.172620,-121.935600,
893.000000,8208.756000,37.172580,-121.935580,
893.500000,8213.296000,37.172540,-121.935570,
894.000000,8219.465000,37.172490,-121.935540,
894.300000,8222.921000,37.172460,-121.935530,
894.400000,8233.295000,37.172380,-121.935470,
894.100000,8238.989000,37.172340,-121.935430,
894.700000,8253.792000,37.172240,-121.935320,
894.900000,8263.717000,37.172200,-121.935220,
894.900000,8269.486000,37.172180,-121.935160,
896.000000,8286.163000,37.172080,-121.935020,
897.700000,8296.127000,37.172010,-121.934950,
899.400000,8304.667000,37.171950,-121.934890,
900.100000,8314.412000,37.171890,-121.934810,
900.300000,8317.259000,37.171870,-121.934790,
900.800000,8321.040000,37.171840,-121.934770,
901.200000,8324.495000,37.171810,-121.934760,
901.600000,8328.277000,37.171780,-121.934740,
902.300000,8332.730000,37.171740,-121.934740,
902.900000,8336.069000,37.171710,-121.934740,
903.500000,8339.525000,37.171680,-121.934750,
904.100000,8342.980000,37.171650,-121.934740,
904.400000,8345.827000,37.171630,-121.934720,
904.400000,8348.711000,37.171620,-121.934690,
904.400000,8352.430000,37.171610,-121.934650,
904.500000,8359.867000,37.171590,-121.934570,
904.500000,8363.586000,37.171580,-121.934530,
908.500000,8411.937000,37.171360,-121.934060,
909.200000,8421.682000,37.171300,-121.933980,
909.400000,8426.554000,37.171270,-121.933940,
910.100000,8431.095000,37.171230,-121.933930,
910.500000,8434.876000,37.171200,-121.933910,
911.000000,8438.332000,37.171170,-121.933900,
911.800000,8444.173000,37.171120,-121.933880,
912.700000,8451.363000,37.171060,-121.933850,
913.600000,8457.533000,37.171010,-121.933820,
915.000000,8463.702000,37.170960,-121.933790,
918.600000,8486.014000,37.170820,-121.933610,
918.000000,8508.684000,37.170750,-121.933370,
917.700000,8517.061000,37.170710,-121.933290,
917.600000,8526.806000,37.170650,-121.933210,
918.400000,8534.369000,37.170590,-121.933170,
919.100000,8541.932000,37.170530,-121.933130,
920.100000,8549.122000,37.170470,-121.933100,
921.500000,8556.033000,37.170410,-121.933080,
922.500000,8561.875000,37.170360,-121.933060,
924.000000,8570.109000,37.170290,-121.933030,
924.800000,8574.902000,37.170250,-121.933010,
924.800000,8579.865000,37.170230,-121.932960,
924.300000,8585.187000,37.170230,-121.932900,
923.300000,8592.370000,37.170240,-121.932820,
922.100000,8600.431000,37.170250,-121.932730,
921.500000,8605.753000,37.170250,-121.932670,
920.400000,8611.190000,37.170260,-121.932610,
919.800000,8614.738000,37.170260,-121.932570,
919.000000,8619.174000,37.170260,-121.932520,
919.000000,8622.058000,37.170250,-121.932490,
919.400000,8625.528000,37.170230,-121.932460,
920.800000,8631.221000,37.170190,-121.932420,
921.500000,8634.691000,37.170170,-121.932390,
925.200000,8646.651000,37.170090,-121.932300,
927.400000,8654.990000,37.170040,-121.932230,
928.100000,8661.586000,37.170020,-121.932160,
928.400000,8665.305000,37.170010,-121.932120,
928.000000,8670.627000,37.170010,-121.932060,
927.500000,8674.175000,37.170010,-121.932020,
926.800000,8678.610000,37.170010,-121.931970,
926.200000,8682.158000,37.170010,-121.931930,
926.100000,8685.043000,37.170000,-121.931900,
925.200000,8690.480000,37.169990,-121.931840,
925.400000,8693.950000,37.169970,-121.931810,
926.000000,8698.220000,37.169940,-121.931780,
926.600000,8700.617000,37.169920,-121.931770,
926.700000,8702.711000,37.169910,-121.931750,
927.200000,8703.824000,37.169900,-121.931750,
